source_accession	organism	retrieval_date	category	reason	next_step
ADQ68755.1	Halogeometricum borinquense DSM 11551	2026-07-26	generic_patin_like	Protein name is only a predicted alpha-beta hydrolase esterase, not an explicit PHB/PHA depolymerase.	Revisit after the archaeal annotation-supported seed set is stabilized.
ACV11039.1	Halorhabdus utahensis DSM 12940	2026-07-26	generic_patin_like	Protein name is only patatin, so it is a weaker boundary candidate than the explicit depolymerase annotations.	Revisit after the archaeal annotation-supported seed set is stabilized.
CCQ32286.1	Halorhabdus tiamatea SARL4B	2026-07-26	generic_patin_like	Protein name is only patatin-like phospholipase, so it stays outside the current seed pass.	Revisit after the archaeal annotation-supported seed set is stabilized.
WP_015788616.1	Halorhabdus utahensis	2026-07-26	generic_patin_like	RefSeq family annotation is broad and redundant with the more explicit archaeal depolymerase candidates.	Revisit after the archaeal annotation-supported seed set is stabilized.
KAF5419280.1	Candidatus Methanocomedens sp.	2026-07-26	mag_depolymerase	MAG-only poly(3-hydroxybutyrate) depolymerase prediction; useful but lower priority than cultured or complete-genome candidates.	Revisit when the archaeal family needs environmental coverage.
RLE46024.1	Candidatus Woesearchaeota archaeon	2026-07-26	mag_depolymerase	MAG-only poly(3-hydroxybutyrate) depolymerase prediction; useful but lower priority than cultured or complete-genome candidates.	Revisit when the archaeal family needs environmental coverage.
OYT27078.1	Candidatus Altarchaeales archaeon ex4484_96	2026-07-26	mag_depolymerase	MAG-derived depolymerase prediction; keep separate from the cultured-strain annotation set.	Revisit when the archaeal family needs environmental coverage.
OYT26975.1	Candidatus Altarchaeales archaeon ex4484_96	2026-07-26	mag_depolymerase	MAG-derived depolymerase prediction; keep separate from the cultured-strain annotation set.	Revisit when the archaeal family needs environmental coverage.
SCL75170.1	Methanoculleus chikugoensis	2026-07-26	environmental_annotation	Annotation-only poly(3-hydroxybutyrate) depolymerase from a sludge contig; defer until the cultured/complete-genome set is stable.	Revisit after the archaeal annotation-supported seed set is stabilized.
